                  epoch,         train/box_loss,         train/cls_loss,         train/dfl_loss,   metrics/precision(B),      metrics/recall(B),       metrics/mAP50(B),    metrics/mAP50-95(B),           val/box_loss,           val/cls_loss,           val/dfl_loss,                 lr/pg0,                 lr/pg1,                 lr/pg2
                      1,                 2.8495,                 4.5608,                 2.3298,                0.00167,                0.14596,                0.00714,                0.00422,                  2.474,                 4.2575,                 2.1567,                 0.0937,                 0.0007,                 0.0007
                      2,                 2.6399,                 4.5069,                 2.2142,                0.00168,                0.14253,                0.00615,                0.00429,                 2.4484,                 4.2392,                 2.1423,               0.086253,              0.0012525,              0.0012525
                      3,                 2.4465,                 4.3689,                 2.0203,                0.00236,                0.19474,                 0.0085,                0.00534,                 2.3547,                 4.1867,                 2.0375,               0.078541,               0.001541,               0.001541
                      4,                 2.6218,                 4.5712,                 2.0879,                0.00167,                0.14253,                0.01551,                0.01028,                 2.3089,                 4.1677,                 1.9567,               0.070566,              0.0015655,              0.0015655
                      5,                 2.8331,                 4.5988,                 2.3948,                0.00165,                0.14253,                0.01485,                0.00961,                 2.3055,                 4.1677,                  1.933,               0.062326,               0.001326,               0.001326
                      6,                 2.4056,                 4.3879,                 1.8871,                0.00183,                0.15473,                0.02616,                0.01735,                  2.249,                 4.1521,                 1.8976,               0.053823,              0.0008225,              0.0008225
